id,title,author,genry_type,genry,isbn
1,User-centric 5thgeneration portal,Peter Reed,nonfiction,Dictionary,978-1-4623-0828-6
2,Managed user-facing website,Martin Rose,nonfiction,Review,978-0-593-96180-3
3,Persistent modular paradigm,Dawn Hardy,fiction,Western,978-0-16-096399-5
4,Customizable solution-oriented implementation,Elizabeth Garcia,fiction,Thriller,978-1-4334-9535-9
5,Decentralized multimedia Local Area Network,David Moon,fiction,Mystery,978-1-359-58167-9
6,Cross-platform executive website,Margaret Miller,nonfiction,True crime,978-1-55055-171-6
7,Reactive incremental methodology,Sean Mathews,nonfiction,History,978-0-17-115430-6
8,Switchable optimal standardization,Lisa Franklin,nonfiction,Autobiography,978-0-477-07288-5
9,Secured exuding knowledgebase,Shelly Anthony,fiction,Thriller,978-0-372-46981-0
10,Intuitive contextually-based strategy,Adam Bernard,nonfiction,Diary,978-0-10-623481-3
11,Operative dedicated strategy,Casey Flores,fiction,Poetry,978-0-423-95433-3
12,Optimized systemic structure,Keith Ward,fiction,Romance,978-1-269-81548-2
13,Expanded tertiary focus group,Erin Mccormick,nonfiction,Art/architecture,978-1-161-08100-8
14,Decentralized directional paradigm,John Hernandez,fiction,Comic book,978-1-61673-536-4
15,Monitored national parallelism,George Phillips,fiction,Graphic novel,978-1-05-512755-3
16,Face-to-face zero administration artificial intelligence,Jesse Blanchard,nonfiction,Humor,978-0-411-81472-4
17,Diverse stable standardization,Susan Marquez,nonfiction,Memoir,978-0-7996-5445-5
18,Distributed contextually-based Graphic Interface,Kevin Case,nonfiction,History,978-0-9675643-7-1
19,Down-sized user-facing intranet,Bradley Oliver,nonfiction,Humor,978-0-305-79901-4
20,Cloned solution-oriented analyzer,Anna Wolf,nonfiction,Prayer,978-1-55777-833-8
21,Reverse-engineered global parallelism,Kelly Day,fiction,Fantasy,978-0-423-84028-5
22,Optimized scalable capability,Shannon Mccullough,fiction,Poetry,978-0-7762-0122-1
23,Switchable eco-centric capacity,Thomas Blair,fiction,Coming-of-age,978-0-229-03511-3
24,Multi-channeled didactic Graphic Interface,Jermaine Brown,nonfiction,Guide,978-1-05-851257-8
25,Enterprise-wide 4thgeneration benchmark,Chelsea Robinson,fiction,Satire,978-1-83294-123-5
26,Multi-channeled foreground portal,Brenda Mckay,nonfiction,"Religion, spirituality, and new age",978-1-179-98252-6
27,Synergistic neutral pricing structure,Nicholas Cox,nonfiction,Crafts/hobbies,978-1-7320290-2-6
28,Future-proofed analyzing forecast,Melissa Ramsey,fiction,Fantasy,978-1-84823-939-5
29,Customer-focused asynchronous migration,Steven Gamble,nonfiction,Journal,978-0-9673942-8-2
30,Vision-oriented full-range website,Jessica Thompson,nonfiction,Humor,978-0-477-47444-3
31,Multi-lateral actuating solution,Michelle Nunez,fiction,Western,978-1-85429-247-6
32,Organic context-sensitive orchestration,Candace Brock,fiction,Coming-of-age,978-1-57283-963-2
33,Proactive 24/7 customer loyalty,Scott Wood,nonfiction,"Religion, spirituality, and new age",978-0-9540634-7-4
34,Customizable stable extranet,Linda Good,fiction,Chick lit,978-0-526-22580-4
35,Versatile zero-defect complexity,Nicole Mcdonald,nonfiction,Crafts/hobbies,978-1-56155-981-7
36,Assimilated 4thgeneration support,Andrew Smith,nonfiction,Memoir,978-1-4249-1908-6
37,Vision-oriented intermediate protocol,Anthony Obrien,nonfiction,True crime,978-1-189-35228-9
38,Proactive contextually-based hardware,Neil Lowe,fiction,Romance,978-1-4951-1652-0
39,Profit-focused zero-defect standardization,Christine Young,fiction,Poetry,978-0-382-37873-7
40,Integrated leadingedge hub,Dylan Lindsey,fiction,Science fiction,978-0-377-88614-8
41,Reduced intermediate knowledge user,Miranda Hicks,fiction,Suspense,978-1-85592-775-9
42,Face-to-face secondary protocol,Manuel Wallace,fiction,Science fiction,978-1-270-83664-3
43,Ergonomic attitude-oriented customer loyalty,Angela Carter,fiction,Mystery,978-0-210-21302-5
44,User-centric coherent help-desk,Mary Boyer,nonfiction,Humor,978-0-367-77583-4
45,Re-engineered even-keeled core,Paul Martinez,fiction,Western,978-1-68310-693-7
46,Innovative methodical workforce,William Greene,fiction,Short story,978-0-85569-400-5
47,Open-architected bandwidth-monitored focus group,Benjamin Riddle,nonfiction,Travel,978-0-9892701-6-8
48,Business-focused national complexity,Kelsey Mckee,nonfiction,Memoir,978-0-385-92078-0
49,Visionary static open system,Stephanie Perez,fiction,Fantasy,978-1-57923-559-8
50,Down-sized foreground concept,Caroline Wyatt,fiction,Horror,978-0-397-06504-2
51,Universal solution-oriented database,Ronald Jenkins,fiction,Chick lit,978-0-9940228-1-3
52,Open-architected full-range emulation,Billy Zimmerman,nonfiction,Diary,978-0-490-62287-6
53,Automated zero-defect strategy,Katherine King,nonfiction,Home and garden,978-0-7860-3373-7
54,Triple-buffered bandwidth-monitored neural-net,Jeffrey Mccoy,fiction,Poetry,978-0-05-307062-5
55,Vision-oriented attitude-oriented open architecture,Haley Mckinney,nonfiction,Encyclopedia,978-1-66841-751-5
56,Advanced hybrid collaboration,Deborah Robles,fiction,Action and adventure,978-1-352-90009-5
57,Multi-lateral holistic access,James May,fiction,Thriller,978-0-7066-7676-1
58,Assimilated asymmetric secured line,Andre Lambert,fiction,Science fiction,978-1-00-335981-4
59,Switchable 5thgeneration algorithm,Kenneth Torres,fiction,Alternate history,978-0-536-42594-2
60,Managed zero tolerance artificial intelligence,Heather Sosa,fiction,Horror,978-0-14-997455-4
61,Persevering interactive ability,Kaitlin Watkins,nonfiction,True crime,978-0-492-52110-8
62,Multi-tiered coherent help-desk,Eric Russell,nonfiction,Science,978-0-354-86640-8
63,Universal executive superstructure,Gina Scott,fiction,Alternate history,978-1-74446-208-8
64,Sharable regional matrix,Megan Morrison,fiction,Western,978-0-09-529194-1
65,Focused zero tolerance protocol,Clinton Vaughn,nonfiction,Philosophy,978-0-8033-2186-1
66,Reactive system-worthy firmware,Christy Blackwell,nonfiction,Cookbook,978-1-4523-5418-7
67,Synchronized exuding access,Tanner Swanson,fiction,Picture book,978-0-361-53773-5
68,Triple-buffered asymmetric emulation,Daniel White,fiction,Western,978-1-68865-894-3
69,Sharable modular capacity,Shelley Cummings,fiction,Paranormal romance,978-1-216-55534-8
70,Persevering next generation function,Maurice Eaton,fiction,Graphic novel,978-1-324-06542-5
71,Up-sized 3rdgeneration protocol,Jennifer Contreras,fiction,Satire,978-1-5445-3775-7
72,Multi-channeled uniform success,Nancy Pace,nonfiction,History,978-1-63771-459-1
73,Self-enabling logistical software,Tyler Dean,nonfiction,Art/architecture,978-0-01-895090-0
74,Organized real-time system engine,Monica Macias,nonfiction,"Religion, spirituality, and new age",978-1-879791-94-7
75,Polarized user-facing encoding,Laura Patel,nonfiction,Biography,978-1-4704-0190-0
76,Profound client-driven challenge,Jeffery Hale,nonfiction,Biography,978-1-884388-24-8
77,Reduced 6thgeneration ability,Joel Stephenson,fiction,Fairytale,978-1-83433-179-9
78,Profit-focused composite attitude,Joy Davis,fiction,Fantasy,978-1-314-21000-2
79,Re-engineered even-keeled installation,Pamela Moody,nonfiction,Prayer,978-1-84112-857-3
80,Integrated optimizing alliance,Tracy Salazar,fiction,Short story,978-0-410-63035-6
81,Managed responsive instruction set,Jason Davidson,nonfiction,Humor,978-0-328-72182-5
82,Advanced interactive focus group,Michael Huang,fiction,Horror,978-0-296-63822-4
83,Face-to-face exuding algorithm,Brandy Allen,nonfiction,True crime,978-0-497-25110-9
84,Innovative fault-tolerant conglomeration,Francisco Malone,nonfiction,Philosophy,978-0-89668-940-4
85,Organic dedicated access,Matthew Bell,nonfiction,True crime,978-0-13-210217-9
86,Ameliorated uniform moratorium,Seth Thomas,nonfiction,Review,978-1-883471-85-9
87,Open-architected multimedia superstructure,Wayne Wilson,nonfiction,Encyclopedia,978-0-666-48300-3
88,Front-line background moderator,Amy Brady,fiction,Poetry,978-1-4280-0079-7
89,Profit-focused content-based conglomeration,Christopher Berger,nonfiction,Cookbook,978-1-353-88065-5
90,Synergistic impactful orchestration,Aaron Hopkins,nonfiction,History,978-1-114-96635-2
91,Horizontal modular matrices,Jeff Andrews,nonfiction,True crime,978-0-321-82559-9
92,Re-contextualized hybrid implementation,Mark Campbell,fiction,Political thriller,978-0-7270-4606-2
93,Reverse-engineered real-time archive,Kimberly Vargas,fiction,Thriller,978-1-117-05303-5
94,Proactive human-resource collaboration,Micheal Ware,nonfiction,Guide,978-0-13-963310-2
95,Visionary local matrices,Ruben Turner,fiction,Science fiction,978-1-321-85193-9
96,Secured asymmetric initiative,Darryl Perkins,nonfiction,Art/architecture,978-0-931049-78-1
97,Inverse value-added secured line,Chris Hayes,nonfiction,Math,978-1-349-34843-5
98,Decentralized zero-defect hub,Chelsey Mclaughlin,fiction,Alternate history,978-0-579-32060-0
99,Programmable non-volatile website,Karen Norton,fiction,Comic book,978-0-03-102083-3
100,Assimilated bi-directional focus group,Phillip Logan,fiction,Action and adventure,978-1-79912-908-0
101,Grass-roots modular model,Melanie Rogers,nonfiction,Humor,978-1-328-99165-2
102,Future-proofed hybrid focus group,Tara Dunn,nonfiction,Dictionary,978-1-72384-788-2
103,Inverse object-oriented model,Cynthia Hansen,fiction,Action and adventure,978-0-659-58390-1
104,Synergized scalable attitude,Diane Herrera,fiction,Graphic novel,978-1-83720-248-5
105,Decentralized 5thgeneration hub,Troy Ramirez,fiction,Children's,978-0-934023-59-7
106,Digitized bottom-line moratorium,Tammy Clark,nonfiction,Art/architecture,978-0-690-43416-3
107,Multi-tiered discrete matrices,Kristie Johnson,nonfiction,Business/economics,978-1-60996-805-2
108,Business-focused grid-enabled capability,Brooke Livingston,fiction,Fairytale,978-0-276-90043-3
109,Advanced directional collaboration,Kara Holland,nonfiction,Math,978-0-89348-759-1
110,Re-contextualized high-level array,Joshua Riggs,fiction,Drama,978-1-4198-9707-8
111,Pre-emptive high-level application,Patricia Adams,nonfiction,Business/economics,978-1-00-758853-1
112,Adaptive composite Internet solution,Roy Love,fiction,Poetry,978-0-469-92287-7
113,Business-focused web-enabled productivity,Teresa Benton,nonfiction,Textbook,978-0-401-03122-3
114,Ameliorated methodical analyzer,Natalie Schneider,nonfiction,Art/architecture,978-1-4615-8813-9
115,Fundamental empowering access,Richard Johnston,fiction,Young adult,978-0-89033-958-9
116,Team-oriented asynchronous utilization,Penny Ryan,nonfiction,Prayer,978-1-104-88370-6
117,Pre-emptive uniform functionalities,Jonathan Stewart,fiction,Romance,978-0-18-753418-5
118,De-engineered mission-critical moratorium,Craig Powell,nonfiction,"Religion, spirituality, and new age",978-1-266-92348-7
119,Polarized impactful benchmark,Douglas Hartman,nonfiction,Autobiography,978-1-9763-6747-2
120,Profound intangible policy,Patrick Jimenez,nonfiction,Review,978-1-75989-889-6
121,Ergonomic needs-based workforce,Andrea Hughes,fiction,Horror,978-0-567-24545-8
122,Reverse-engineered regional help-desk,Ryan Cooley,nonfiction,Dictionary,978-1-05-313235-1
123,Customer-focused reciprocal open system,Shawn Stanley,nonfiction,Science,978-1-62474-511-9
124,Switchable real-time complexity,Jose Williams,fiction,Political thriller,978-0-384-19572-1
125,Progressive global budgetary management,Amber Douglas,fiction,Mystery,978-1-246-33907-9
126,Exclusive analyzing moratorium,Janet Hess,nonfiction,Math,978-0-434-67699-6
127,Organized heuristic help-desk,Donald Patterson,fiction,Children's,978-0-351-30693-8
128,Visionary eco-centric benchmark,Joe Parsons,nonfiction,Business/economics,978-1-149-14691-0
129,Devolved optimizing pricing structure,Emma Morales,fiction,Poetry,978-1-961446-50-2
130,Up-sized empowering collaboration,Beth Walker,nonfiction,Journal,978-1-77363-499-9
131,Focused zero administration methodology,Carrie Valenzuela,fiction,Young adult,978-1-195-58108-6
132,Re-contextualized holistic application,Robert Reid,nonfiction,Math,978-1-02-455755-8
133,Expanded composite hierarchy,Alejandro Owens,nonfiction,Diary,978-0-451-08779-9
134,Open-architected didactic hierarchy,Alexis Berry,nonfiction,Science,978-0-9821795-9-8
135,Polarized scalable benchmark,Robin Hendrix,fiction,Science fiction,978-0-618-98550-0
136,Integrated multi-tasking hardware,Denise Lowery,fiction,Fantasy,978-0-379-84595-2
137,Focused client-server synergy,Kathy Rodgers,fiction,Crime,978-1-72580-917-8
138,Profit-focused fault-tolerant functionalities,Lindsay Gray,fiction,Poetry,978-1-65405-153-2
139,Horizontal disintermediate approach,Gregory Carlson,nonfiction,Crafts/hobbies,978-1-314-07463-5
140,Mandatory bandwidth-monitored artificial intelligence,Helen Martin,fiction,Alternate history,978-0-8354-3760-8
141,Stand-alone object-oriented Graphical User Interface,Courtney Kennedy,fiction,Mystery,978-1-176-95327-7
142,Organic client-driven service-desk,Dale Mills,fiction,Horror,978-1-74754-286-2
143,Visionary reciprocal solution,Sharon Horne,fiction,Coming-of-age,978-0-657-05555-4
144,Fully-configurable leadingedge access,Cody Knight,nonfiction,True crime,978-0-16-286133-6
145,Decentralized foreground groupware,Derrick Keith,fiction,Short story,978-0-10-288716-7
146,Polarized zero tolerance application,Ronnie Huffman,nonfiction,Autobiography,978-0-264-74362-2
147,Function-based explicit knowledge user,Yvonne Petty,nonfiction,Journal,978-0-8286-4051-0
148,Switchable incremental database,Sarah Quinn,fiction,Romance,978-1-63769-017-8
149,Ergonomic bi-directional projection,Heidi Mata,fiction,Fantasy,978-1-79567-597-0
150,Open-source demand-driven definition,Tracey Lee,nonfiction,Science,978-0-944232-97-2
151,Re-engineered neutral implementation,Barbara Gonzalez,fiction,Romance,978-0-400-15414-5
152,Cross-group maximized hierarchy,Rachael Vazquez,fiction,Fantasy,978-0-361-90734-7
153,Streamlined responsive focus group,Vicki Whitehead,fiction,Satire,978-1-240-01841-3
154,Versatile holistic complexity,Katelyn Perry,nonfiction,Math,978-0-11-344843-2
155,Ergonomic demand-driven forecast,Kyle Gilmore,nonfiction,Business/economics,978-0-05-950871-9
156,Ergonomic bi-directional instruction set,Debra Green,nonfiction,Textbook,978-0-305-04863-1
157,Re-contextualized clear-thinking standardization,Victor Henry,fiction,Children's,978-1-4715-8440-4
158,Quality-focused human-resource open architecture,Amanda Becker,nonfiction,Humor,978-0-07-220249-6
159,Organic interactive process improvement,Todd Murphy,nonfiction,Art/architecture,978-0-16-386960-7
160,Innovative motivating open architecture,Raymond Nguyen,nonfiction,Travel,978-1-930393-05-9
161,Multi-channeled next generation pricing structure,Holly Cain,fiction,Historical fiction,978-0-7405-8127-4
162,Up-sized optimal Graphic Interface,Cindy Valdez,fiction,Drama,978-0-448-65589-5
163,Virtual tangible process improvement,Tina Soto,nonfiction,Guide,978-1-76631-891-2
164,Versatile user-facing projection,Lawrence Anderson,nonfiction,True crime,978-1-83429-303-5
165,Configurable client-driven ability,April Wagner,fiction,Children's,978-0-8468-8139-1
166,Profit-focused 6thgeneration intranet,Donna Mack,fiction,Satire,978-1-126-86052-5
167,Inverse bi-directional framework,Brett Mercado,nonfiction,Memoir,978-0-294-96744-9
168,Fundamental static functionalities,Brandi Harrell,fiction,Thriller,978-1-213-60288-5
169,Pre-emptive composite intranet,Gabriella Lopez,fiction,Horror,978-0-01-847320-1
170,Networked coherent hub,Monique Hogan,fiction,Romance,978-1-347-97193-2
171,Robust composite open system,Bruce Goodman,fiction,Horror,978-1-962451-09-3
172,Distributed incremental projection,Karla Peterson,nonfiction,Prayer,978-1-9996625-3-0
173,Re-contextualized full-range info-mediaries,Patty West,fiction,Drama,978-1-72260-689-3
174,Implemented even-keeled challenge,Carol Espinoza,fiction,Picture book,978-1-123-76770-4
175,Business-focused optimizing functionalities,Russell Lewis,nonfiction,Self help,978-1-67098-937-6
176,Organized zero administration algorithm,Kathryn Coleman,nonfiction,Prayer,978-0-16-976539-2
177,Enterprise-wide intermediate toolset,Adrian Munoz,nonfiction,Textbook,978-1-4221-2433-8
178,Realigned multi-tasking matrix,Erik Taylor,nonfiction,Diary,978-0-7525-4863-0
179,Business-focused multi-tasking utilization,Emily Simmons,nonfiction,Guide,978-0-902645-13-4
180,Function-based coherent emulation,Stephen Murray,fiction,Suspense,978-0-222-76151-4
181,Intuitive intangible initiative,Mike Juarez,fiction,Fantasy,978-0-219-78766-4
182,Decentralized foreground definition,Joseph Woods,fiction,Science fiction,978-0-7178-2868-5
183,Universal methodical framework,Kathleen Finley,nonfiction,Self help,978-0-19-014254-4
184,Devolved bifurcated structure,Ann Olson,nonfiction,"Religion, spirituality, and new age",978-1-60811-680-5
185,Profit-focused human-resource capacity,Jeremy George,nonfiction,Memoir,978-1-9776-1002-7
186,Intuitive homogeneous info-mediaries,Samantha Nelson,nonfiction,Diary,978-0-7338-8549-5
187,Open-source client-server structure,Christian Sanders,fiction,Historical fiction,978-1-4782-2511-9
188,Visionary tangible application,Debbie Jacobs,fiction,Children's,978-1-85210-785-7
189,Enhanced asynchronous throughput,Marie Jones,nonfiction,Sports and leisure,978-0-02-523693-6
190,Decentralized systematic intranet,Julie Watts,nonfiction,Art/architecture,978-1-945410-65-9
191,Total disintermediate challenge,Whitney Nichols,fiction,Western,978-0-519-28365-1
192,Balanced cohesive interface,Carolyn Jackson,fiction,Short story,978-0-460-22910-4
193,Distributed exuding neural-net,Allen Morgan,fiction,Fairytale,978-0-946308-96-5
194,Focused zero tolerance emulation,Maria Bowen,fiction,Satire,978-0-916897-18-5
195,Virtual full-range forecast,Victoria Kirby,nonfiction,Crafts/hobbies,978-0-604-34593-6
196,Automated secondary complexity,Carl Moreno,fiction,Drama,978-0-461-25034-3
197,Public-key executive portal,Ernest Mayo,nonfiction,Business/economics,978-1-252-17330-8
198,Persevering 3rdgeneration data-warehouse,Justin Beck,fiction,Coming-of-age,978-1-950543-26-7
199,Integrated static complexity,Ashley Matthews,nonfiction,Review,978-0-8275-7129-7
200,Balanced uniform complexity,Jacqueline Parker,nonfiction,Math,978-1-02-552666-9
201,Diverse dynamic toolset,Bobby Shepherd,nonfiction,Memoir,978-1-68524-060-8
202,Integrated leadingedge algorithm,Trevor Navarro,nonfiction,"Religion, spirituality, and new age",978-0-9995285-5-6
203,Universal mission-critical infrastructure,Shelby Stout,nonfiction,Sports and leisure,978-0-449-53136-5
204,Multi-lateral explicit interface,Brian Graham,nonfiction,Journal,978-0-7393-9766-4
205,Customizable exuding budgetary management,Lori Bennett,nonfiction,Biography,978-0-259-33362-3
206,Extended context-sensitive instruction set,Vanessa Barron,fiction,Alternate history,978-0-551-49209-7
207,Open-architected grid-enabled synergy,Christina Lutz,nonfiction,Diary,978-0-9692753-0-5
208,Networked explicit solution,Rachel Maldonado,fiction,Children's,978-1-931855-31-0
209,Sharable leadingedge superstructure,Erica Larson,fiction,Comic book,978-1-08-433269-0
210,Versatile 3rdgeneration standardization,Colton Lin,fiction,Western,978-1-5488-2027-5
211,Persevering modular utilization,Valerie Atkins,nonfiction,Textbook,978-0-530-78418-2
212,Optimized system-worthy conglomeration,Alison Fitzgerald,fiction,Short story,978-1-304-63293-7
213,Self-enabling coherent standardization,Alyssa Terry,nonfiction,Journal,978-1-81732-342-1
214,Networked incremental Graphic Interface,Krista Hamilton,nonfiction,Crafts/hobbies,978-1-9753-2860-3
215,Switchable optimizing middleware,Noah Le,nonfiction,True crime,978-1-09-463521-7
216,Object-based discrete capacity,Stacy Francis,fiction,Fairytale,978-0-675-51260-2
217,Vision-oriented logistical portal,Kristin Krueger,nonfiction,Journal,978-0-372-24898-9
218,Mandatory directional complexity,Tami Gregory,fiction,Coming-of-age,978-0-419-84212-5
219,Optimized 6thgeneration knowledge user,Janice Huynh,nonfiction,Prayer,978-0-219-97878-9
220,Profit-focused didactic capability,Lauren Lam,nonfiction,"Religion, spirituality, and new age",978-1-5348-3265-7
221,Enhanced content-based leverage,Tim Houston,fiction,Chick lit,978-1-80937-621-3
222,Reverse-engineered contextually-based service-desk,Rhonda Baker,fiction,Suspense,978-0-03-958114-5
223,Inverse responsive firmware,Jill Rasmussen,fiction,Satire,978-0-85484-885-0
224,Optional clear-thinking system engine,Clayton Hunt,fiction,Classic,978-0-936970-83-7
225,Synchronized mission-critical process improvement,Dakota Chapman,nonfiction,Encyclopedia,978-1-74287-769-3
226,Stand-alone dedicated circuit,Dennis Myers,nonfiction,Biography,978-0-16-125131-2
227,Organic contextually-based knowledgebase,Brandon Sanchez,nonfiction,Diary,978-0-368-95129-9
228,Function-based optimal productivity,Mario Sandoval,fiction,Historical fiction,978-0-537-30963-0
229,Function-based web-enabled portal,Danielle Cervantes,nonfiction,Self help,978-1-223-48736-6
230,Quality-focused mission-critical hub,Curtis Barber,nonfiction,History,978-0-490-79746-8
231,Object-based impactful capability,Eduardo Fisher,fiction,Children's,978-0-11-651940-5
232,User-centric multimedia time-frame,Brianna Shaw,fiction,Suspense,978-1-63915-426-5
233,Reverse-engineered full-range matrix,Caitlin Howard,fiction,Romance,978-0-282-29795-4
234,Re-engineered 3rdgeneration projection,Tiffany Phelps,nonfiction,History,978-0-06-308562-6
235,Organized tertiary approach,Alexandra Wolfe,fiction,Chick lit,978-1-5059-8977-9
236,Operative encompassing paradigm,Abigail Bradshaw,fiction,Science fiction,978-0-05-638735-5
237,Optional 24/7 archive,Allison Barnes,fiction,Romance,978-1-888378-95-5
238,Multi-tiered disintermediate emulation,Kim Cook,nonfiction,"Religion, spirituality, and new age",978-1-5303-9244-5
239,Organized neutral open architecture,Duane Harvey,fiction,Science fiction,978-1-74119-482-1
240,User-friendly logistical pricing structure,Miguel Skinner,nonfiction,Review,978-0-342-18016-5
241,Centralized homogeneous throughput,Vincent Cooke,fiction,Short story,978-0-05-536103-5
242,User-friendly actuating time-frame,Timothy Yang,fiction,Satire,978-1-79283-087-7
243,Persistent multi-state encryption,Shane Kelley,nonfiction,Memoir,978-0-19-187820-6
244,Progressive zero administration application,Frank Price,nonfiction,Prayer,978-0-356-87123-3
245,Persevering tangible productivity,Sherry Gutierrez,fiction,Political thriller,978-1-9734-7881-2
246,Reverse-engineered dynamic approach,Mallory Elliott,fiction,Western,978-1-128-64838-1
247,Future-proofed grid-enabled pricing structure,Arthur Avila,fiction,Graphic novel,978-0-288-24251-4
248,Distributed fresh-thinking protocol,Marcus Yates,fiction,Horror,978-0-551-88156-3
249,Phased asymmetric paradigm,Tonya Farrell,fiction,Science fiction,978-0-636-30468-0
250,Object-based intermediate functionalities,Henry Tran,fiction,Children's,978-0-12-179611-2
251,User-friendly zero administration model,Melinda Marshall,nonfiction,Self help,978-1-872065-05-2
252,Open-source human-resource time-frame,Suzanne Mcdowell,fiction,Alternate history,978-1-5254-5511-7
253,Open-architected motivating Graphic Interface,Jacob Bray,fiction,Poetry,978-0-498-14816-3
254,Future-proofed fault-tolerant support,Mathew Little,fiction,Science fiction,978-0-15-437755-5
255,Synergistic 6thgeneration contingency,Felicia Hill,fiction,Western,978-1-394-25652-5
256,Customer-focused responsive solution,Jamie Simpson,nonfiction,Art/architecture,978-1-59257-242-7
257,Grass-roots clear-thinking capability,Krystal Burgess,nonfiction,Travel,978-1-876767-79-2
258,Assimilated impactful Graphical User Interface,Kristine Sullivan,fiction,Horror,978-1-222-05914-4
259,Stand-alone fault-tolerant database,Anita Gibbs,fiction,Graphic novel,978-1-86464-571-2
260,Cross-group zero-defect knowledge user,Wanda Cole,fiction,Horror,978-1-55390-383-3
261,Operative zero-defect access,Gary Moore,nonfiction,Biography,978-0-11-374601-9
262,Compatible uniform time-frame,Crystal Baxter,fiction,Children's,978-1-886469-98-3
263,Intuitive tangible open architecture,Brittany Burton,fiction,Satire,978-1-310-91104-0
264,Monitored contextually-based algorithm,Nathaniel Arnold,nonfiction,Review,978-0-01-777090-5
265,De-engineered non-volatile complexity,Nathan Wise,nonfiction,True crime,978-1-58131-372-7
266,Decentralized heuristic customer loyalty,Ian Maxwell,nonfiction,True crime,978-1-03-333070-8
267,Up-sized dedicated methodology,Claudia Fox,nonfiction,Textbook,978-0-9814175-4-7
268,User-friendly scalable flexibility,Wendy Mccall,nonfiction,True crime,978-1-5309-3667-0
269,Fully-configurable tertiary Graphic Interface,Alexander Bailey,nonfiction,Math,978-1-63608-487-9
270,Proactive impactful projection,Charles Shelton,nonfiction,Art/architecture,978-1-196-31294-8
271,Profound multi-tasking hardware,Larry Foster,fiction,Mystery,978-1-996696-94-1
272,Face-to-face optimizing emulation,Marissa Cooper,fiction,Action and adventure,978-1-386-85993-2
273,De-engineered stable attitude,Gerald Jacobson,nonfiction,Home and garden,978-0-539-02493-7
274,Up-sized encompassing collaboration,Jenny Combs,nonfiction,True crime,978-1-173-33505-2
275,Phased foreground task-force,Dwayne Roberts,fiction,Paranormal romance,978-1-911091-35-6
276,Exclusive coherent secured line,Angie Harris,nonfiction,Textbook,978-1-67907-592-6
277,De-engineered client-driven capability,Meagan Camacho,nonfiction,Humor,978-1-74745-434-9
278,Balanced stable frame,Cheryl Bradford,fiction,Fairytale,978-0-399-50913-1
279,Automated logistical Graphic Interface,Spencer Rodriguez,nonfiction,Textbook,978-0-18-057868-1
280,Reverse-engineered systematic service-desk,Ruth Gomez,nonfiction,Art/architecture,978-0-413-25439-9
281,Business-focused non-volatile service-desk,Jack Byrd,nonfiction,Dictionary,978-1-5251-6386-9
282,Automated clear-thinking protocol,Glenda Holloway,fiction,Anthology,978-0-942721-61-4
283,Grass-roots empowering Internet solution,Cassandra Nolan,fiction,Suspense,978-0-7575-7812-0
284,Diverse modular standardization,Tabitha York,nonfiction,Travel,978-0-86598-152-2
285,Grass-roots uniform approach,Caleb Boyd,nonfiction,True crime,978-1-63748-664-1
286,Reduced dynamic pricing structure,Kari Fernandez,nonfiction,Encyclopedia,978-1-228-60357-0
287,Virtual exuding application,Annette Benitez,nonfiction,Cookbook,978-1-961814-66-0
288,Multi-layered system-worthy focus group,Madeline Bradley,nonfiction,Crafts/hobbies,978-0-673-33161-8
289,Team-oriented asynchronous project,Jerry Rocha,nonfiction,Prayer,978-0-325-17875-2
290,Function-based client-driven strategy,Jo Vega,nonfiction,Review,978-1-186-64067-9
291,Upgradable static methodology,Sabrina Welch,fiction,Alternate history,978-1-896350-01-1
292,Profit-focused client-driven frame,Kristi Romero,fiction,Chick lit,978-0-384-30515-1
293,Implemented secondary middleware,Katrina Newton,fiction,Classic,978-0-04-163301-6
294,Quality-focused 3rdgeneration budgetary management,Anne Frazier,nonfiction,Health/fitness,978-1-875447-15-2
295,Open-source encompassing pricing structure,Martha Pennington,nonfiction,Humor,978-0-612-00542-6
296,Distributed scalable throughput,Ana Conway,fiction,Satire,978-1-7370947-3-9
297,Synchronized homogeneous task-force,Isaiah Bonilla,fiction,Thriller,978-0-7783-6356-9
298,Polarized multi-state portal,Deanna Reeves,nonfiction,Humor,978-0-931466-55-7
299,Face-to-face upward-trending knowledgebase,Greg Wang,nonfiction,Prayer,978-1-65815-515-1
300,Function-based analyzing alliance,Paula Shields,nonfiction,True crime,978-0-251-03507-5
301,Stand-alone neutral framework,Dillon Cruz,fiction,Drama,978-1-01-383855-2
302,Pre-emptive 24/7 capability,Dustin Murillo,fiction,Thriller,978-0-483-83325-8
303,Advanced modular help-desk,Roger French,nonfiction,True crime,978-0-293-98353-2
304,Enterprise-wide object-oriented complexity,Grace Barr,nonfiction,Memoir,978-1-58204-719-5
305,Grass-roots stable model,Travis Harper,fiction,Historical fiction,978-1-146-32104-4
306,Customer-focused 5thgeneration open architecture,Colleen Schmidt,nonfiction,Biography,978-0-07-576459-5
307,Future-proofed heuristic infrastructure,Dana House,nonfiction,Textbook,978-1-5092-8055-1
308,Profit-focused 24hour Local Area Network,Jay Rangel,nonfiction,Sports and leisure,978-0-377-13012-8
309,Programmable motivating project,Alan Trevino,nonfiction,Biography,978-0-261-89068-8
310,Visionary mission-critical open system,Jimmy Lawrence,nonfiction,Crafts/hobbies,978-0-9956228-9-0
311,Switchable next generation middleware,Edgar Wright,fiction,Classic,978-1-62548-783-4
312,Implemented stable hierarchy,Sonya Gordon,nonfiction,Cookbook,978-0-439-76114-7
313,Extended responsive hub,Olivia Palmer,fiction,Satire,978-0-12-261914-4
314,Multi-lateral multi-state pricing structure,Blake Santos,fiction,Fairytale,978-1-71493-929-9
315,Programmable content-based data-warehouse,Harold Thornton,fiction,Mystery,978-0-604-42439-6
316,Monitored user-facing process improvement,Pedro Zavala,fiction,Paranormal romance,978-1-4265-9693-3
317,Secured leadingedge function,Yvette Schultz,nonfiction,Sports and leisure,978-1-83216-370-5
318,Re-contextualized contextually-based service-desk,Jeremiah Dominguez,fiction,Political thriller,978-0-213-19312-6
319,Monitored leadingedge access,Kristy Small,nonfiction,Memoir,978-0-7583-8254-2
320,Streamlined homogeneous artificial intelligence,Veronica Hart,nonfiction,Business/economics,978-0-343-51437-2
321,Seamless dedicated parallelism,Randy Mccann,fiction,Historical fiction,978-0-7966-6313-9
322,Enterprise-wide bifurcated ability,Rita Duncan,nonfiction,Journal,978-0-13-977279-5
323,Reactive motivating emulation,Sheri Page,nonfiction,Self help,978-1-178-18018-3
324,Phased impactful productivity,Theresa Barnett,fiction,Romance,978-1-04-565114-3
325,Grass-roots value-added framework,Jane Rivera,fiction,Children's,978-0-88444-063-5
326,Polarized impactful attitude,Chad Hudson,fiction,Mystery,978-0-05-880343-3
327,Automated content-based hardware,Lee Ford,nonfiction,Crafts/hobbies,978-0-608-17386-3
328,Innovative grid-enabled process improvement,Bryan Pittman,fiction,Thriller,978-0-13-082884-2
329,Public-key upward-trending application,Bill Kim,nonfiction,True crime,978-1-83756-550-4
330,Cloned user-facing open system,Samuel Barrett,fiction,Young adult,978-0-234-79684-9
331,Digitized national forecast,Bethany Bryant,nonfiction,Cookbook,978-0-8453-4480-4
332,Distributed foreground customer loyalty,Michele Hoffman,nonfiction,Memoir,978-0-7036-2644-8
333,Multi-channeled well-modulated capacity,Ellen Farmer,fiction,Drama,978-0-368-11252-2
334,Triple-buffered 3rdgeneration contingency,Kristen Spence,fiction,Young adult,978-1-369-38755-1
335,Vision-oriented leadingedge application,Shawna Dalton,nonfiction,Sports and leisure,978-1-84121-952-3
336,Cross-platform neutral orchestration,Taylor Rowe,nonfiction,Health/fitness,978-1-4719-7186-0
337,Switchable disintermediate firmware,Catherine Conrad,fiction,Drama,978-0-7327-2888-5
338,Horizontal global complexity,Harry Cunningham,nonfiction,True crime,978-1-306-05248-1
339,Down-sized context-sensitive neural-net,Sheena Collins,nonfiction,Diary,978-1-103-60136-3
340,Secured eco-centric data-warehouse,Becky Miranda,fiction,Horror,978-1-03-522231-5
341,Business-focused attitude-oriented synergy,Louis Shannon,fiction,Alternate history,978-1-76474-375-4
342,Cross-group full-range forecast,Morgan Lynch,nonfiction,Biography,978-0-640-79826-0
343,Cloned 24hour concept,Sheryl Hall,fiction,Coming-of-age,978-1-246-61463-3
344,Compatible motivating groupware,Sara Webster,nonfiction,Home and garden,978-0-393-35500-0
345,Up-sized disintermediate installation,Dorothy Brooks,fiction,Western,978-1-06-191964-7
346,Triple-buffered zero administration archive,Renee Reyes,nonfiction,Health/fitness,978-0-417-87484-5
347,Organized system-worthy budgetary management,Gloria Warner,nonfiction,True crime,978-1-906348-53-3
348,Ergonomic maximized framework,Katie Arroyo,nonfiction,Home and garden,978-1-80210-319-9
349,Cross-group multi-state neural-net,Johnathan Ruiz,fiction,Chick lit,978-1-233-93759-2
350,Customizable full-range system engine,Erika Mendoza,fiction,Anthology,978-1-963088-81-6
351,Polarized leadingedge infrastructure,Yolanda Chan,fiction,Comic book,978-1-277-88064-9
352,Realigned optimal framework,Derek Diaz,nonfiction,Cookbook,978-0-619-93484-2
353,Organic content-based collaboration,Theodore Mcmahon,fiction,Picture book,978-1-199-45947-3
354,Distributed well-modulated knowledge user,Gabriel Foley,fiction,Anthology,978-1-320-79881-5
355,Versatile next generation protocol,Kurt Burns,fiction,Chick lit,978-0-9643402-3-7
356,De-engineered clear-thinking challenge,Sonia Davenport,fiction,Children's,978-1-64745-153-0
357,Versatile dynamic focus group,Karl Cross,fiction,Mystery,978-1-176-46704-0
358,Digitized disintermediate open architecture,Gail Chung,nonfiction,Sports and leisure,978-1-4693-7471-0
359,Profit-focused 24/7 methodology,Damon Costa,fiction,Fairytale,978-0-7193-7267-4
360,Multi-tiered uniform synergy,Warren Powers,nonfiction,"Religion, spirituality, and new age",978-0-89629-850-7
361,Enhanced executive hub,Cassidy Marsh,fiction,Political thriller,978-1-79108-659-6
362,Open-architected discrete groupware,Leslie Macdonald,fiction,Poetry,978-0-398-71260-0
363,Seamless local orchestration,Antonio Zhang,nonfiction,Prayer,978-0-7519-6435-6
364,Total static encoding,Maxwell Daniels,nonfiction,Cookbook,978-0-7101-3755-5
365,Automated attitude-oriented project,Jasmine Flowers,fiction,Coming-of-age,978-1-284-99490-2
366,Secured hybrid alliance,Don Mora,fiction,Thriller,978-0-604-61881-8
367,Advanced tangible knowledge user,Alice Williamson,nonfiction,Autobiography,978-1-5198-8176-2
368,Synergistic bandwidth-monitored standardization,Kayla Boone,fiction,Satire,978-1-00-713311-3
369,Extended transitional workforce,Zachary Gibson,fiction,Children's,978-0-484-28045-7
370,Visionary bi-directional migration,Rebecca Joseph,nonfiction,True crime,978-0-339-88994-1
371,Optional actuating function,Barry Spencer,fiction,Western,978-0-205-06902-6
372,Optional didactic moderator,Meredith Guerrero,nonfiction,Textbook,978-0-7545-6212-2
373,Assimilated intangible data-warehouse,Virginia Cisneros,nonfiction,Diary,978-0-88603-676-8
374,Devolved static secured line,Alicia Drake,nonfiction,Journal,978-0-584-39904-2
375,Profound modular ability,Edward Pena,nonfiction,Prayer,978-1-929161-15-7
376,Reduced intermediate workforce,Kendra Carson,fiction,Satire,978-0-438-48833-5
377,Open-source system-worthy moratorium,Javier Snyder,fiction,Graphic novel,978-1-305-02941-5
378,Persistent optimizing forecast,Jesus Bender,fiction,Satire,978-0-9901259-9-0
379,Programmable grid-enabled capability,Kylie Stevens,nonfiction,Self help,978-0-85163-490-6
380,Enhanced contextually-based website,Chase Kelly,fiction,Fairytale,978-1-74314-936-2
381,Innovative fault-tolerant model,Hailey Mendez,fiction,Children's,978-1-70702-908-2
382,Self-enabling interactive ability,Adriana Henderson,fiction,Romance,978-1-105-70943-2
383,Distributed disintermediate pricing structure,Diana Bates,nonfiction,"Religion, spirituality, and new age",978-1-150-74278-1
384,Monitored regional support,Christie Wilcox,nonfiction,Autobiography,978-0-516-49920-8
385,Multi-lateral web-enabled hierarchy,Levi Sweeney,nonfiction,Travel,978-0-649-71770-5
386,Fundamental homogeneous leverage,Juan Huerta,fiction,Coming-of-age,978-0-624-49301-3
387,Fully-configurable exuding service-desk,Lacey Todd,fiction,Horror,978-1-04-747547-1
388,Enterprise-wide systematic toolset,Sydney Kline,nonfiction,Diary,978-0-481-42933-0
389,Expanded composite synergy,Willie Garrett,nonfiction,Self help,978-0-16-731983-2
390,Persistent well-modulated synergy,Carla Booth,fiction,Thriller,978-1-298-54196-3
391,User-centric contextually-based help-desk,Cheyenne Washington,fiction,Coming-of-age,978-0-612-93267-8
392,Vision-oriented zero administration interface,Jonathon Burch,fiction,Paranormal romance,978-0-7429-1275-5
393,Balanced web-enabled hierarchy,Tristan Porter,nonfiction,Autobiography,978-1-5151-4353-6
394,Synchronized transitional frame,Wesley Robertson,fiction,Comic book,978-1-60655-566-8
395,Centralized well-modulated migration,Marcia Bishop,nonfiction,Memoir,978-0-08-827161-5
396,Cross-platform client-server hub,Logan Friedman,fiction,Suspense,978-0-16-875808-1
397,Vision-oriented high-level encryption,Oscar Austin,fiction,Picture book,978-1-922914-63-7
398,Reverse-engineered object-oriented toolset,Mackenzie Santiago,fiction,Thriller,978-1-960680-51-8
399,Multi-channeled discrete extranet,Eileen Estrada,nonfiction,Home and garden,978-0-204-55516-2
400,Upgradable dedicated collaboration,Rodney Meyers,fiction,Drama,978-1-03-201922-2
401,Operative next generation core,Philip Duran,fiction,Political thriller,978-0-88300-329-9
402,Fully-configurable radical functionalities,Austin Mitchell,nonfiction,Business/economics,978-1-85898-160-4
403,Future-proofed systemic initiative,Aimee Pratt,fiction,Western,978-0-442-05255-3
404,Reduced explicit support,Ricardo Short,nonfiction,Business/economics,978-1-03-622525-4
405,Business-focused zero-defect middleware,Leonard Brandt,nonfiction,Review,978-0-313-04944-6
406,Re-contextualized attitude-oriented projection,Sandra Hines,nonfiction,"Religion, spirituality, and new age",978-1-5310-0522-1
407,Face-to-face 3rdgeneration moratorium,Brady Rivas,nonfiction,Health/fitness,978-1-210-29777-0
408,Pre-emptive responsive product,Kristina Jordan,nonfiction,Memoir,978-1-115-31403-9
409,Polarized zero-defect Internet solution,Sally Chen,nonfiction,Guide,978-1-996757-52-9
410,Exclusive hybrid Graphic Interface,Madison Ashley,nonfiction,True crime,978-1-4301-6989-5
411,Organized neutral help-desk,Carly Colon,fiction,Children's,978-1-371-47136-1
412,Ameliorated demand-driven attitude,Melody Rosales,nonfiction,Math,978-1-80172-694-8
413,Team-oriented real-time website,Mitchell Tate,fiction,Short story,978-1-222-48513-4
414,Upgradable regional installation,Maureen Evans,nonfiction,Math,978-0-603-90757-9
415,Networked regional knowledge user,Jerome Copeland,fiction,Classic,978-1-71501-877-1
416,Profound asynchronous framework,Leah Velasquez,fiction,Drama,978-0-12-673615-1
417,Customer-focused upward-trending leverage,Regina Rowland,fiction,Chick lit,978-1-76688-297-0
418,Managed methodical Graphic Interface,Stacey Horton,nonfiction,Cookbook,978-0-15-610220-9
419,Synergized multi-tasking model,Reginald Morris,fiction,Mystery,978-0-17-662442-2
420,Synergistic foreground hardware,Dan Johns,nonfiction,Self help,978-1-72983-605-7
421,Decentralized fresh-thinking matrix,Priscilla Rubio,fiction,Fantasy,978-1-5346-7850-7
422,Front-line responsive encoding,Albert Mcclain,fiction,Comic book,978-1-251-52910-6
423,Total bandwidth-monitored challenge,Cristian Patton,fiction,Science fiction,978-1-143-38145-4
424,Ergonomic needs-based info-mediaries,Dalton Fields,fiction,Young adult,978-1-63394-296-7
425,Right-sized fresh-thinking architecture,Julian Daniel,fiction,Picture book,978-0-19-892776-1
426,Reactive 6thgeneration open architecture,Devon Simon,fiction,Graphic novel,978-0-87637-631-7
427,Virtual discrete core,Roberta Ross,fiction,Chick lit,978-0-537-38389-0
428,Realigned bandwidth-monitored definition,Danny Huff,fiction,Action and adventure,978-0-00-154716-2
429,Total methodical open system,Daisy Larsen,fiction,Picture book,978-0-566-22072-2
430,Innovative neutral database,Paige Rosario,fiction,Young adult,978-1-03-549641-9
431,Versatile global contingency,Breanna Maynard,nonfiction,Business/economics,978-0-909994-57-0
432,Adaptive empowering methodology,Darrell Clarke,fiction,Poetry,978-0-656-07187-6
433,Team-oriented executive firmware,Kelli Castro,nonfiction,Health/fitness,978-1-08-137413-6
434,Object-based mission-critical orchestration,Jordan Lloyd,fiction,Coming-of-age,978-1-134-21669-7
435,Grass-roots intangible initiative,Dominique Norris,nonfiction,Cookbook,978-1-01-415069-1
436,Down-sized secondary workforce,Joyce Bass,nonfiction,Health/fitness,978-1-328-39679-2
437,Adaptive fresh-thinking knowledgebase,Hannah Manning,fiction,Paranormal romance,978-1-4741-7061-1
438,Customizable modular throughput,Darlene Levy,nonfiction,Art/architecture,978-1-78822-707-0
439,Optional full-range time-frame,Terri Webb,nonfiction,Math,978-1-69017-951-1
440,Visionary national workforce,Destiny Barker,nonfiction,Journal,978-0-13-923535-1
441,Realigned tangible groupware,Lindsey Mann,fiction,Horror,978-0-8335-3847-5
442,Optional mobile paradigm,Angelica Pearson,fiction,Anthology,978-0-07-279947-7
443,Synergized encompassing groupware,Alvin Pierce,nonfiction,Humor,978-0-02-872350-1
444,Distributed methodical structure,Carlos Vance,nonfiction,Math,978-0-87834-696-7
445,De-engineered didactic infrastructure,Tanya Owen,nonfiction,True crime,978-1-4473-0611-5
446,Re-engineered exuding open system,Stanley Frye,nonfiction,Math,978-0-7885-7542-6
447,Future-proofed cohesive process improvement,Nicolas Noble,nonfiction,Art/architecture,978-0-7641-4561-2
448,Streamlined attitude-oriented intranet,Ricky Dillon,fiction,Fairytale,978-1-250-90003-6
449,User-centric interactive hardware,Lonnie Meadows,nonfiction,Guide,978-1-991939-25-8
450,Realigned methodical analyzer,Laurie Potter,fiction,Graphic novel,978-0-406-11243-9
451,Innovative modular monitoring,Alexandria Montgomery,fiction,Comic book,978-0-333-58347-0
452,Multi-channeled scalable support,Diamond Pollard,nonfiction,Home and garden,978-1-5356-3578-3
453,Organic static paradigm,Dean Warren,nonfiction,History,978-1-899573-21-9
454,Compatible systemic definition,Edwin Bowers,fiction,Horror,978-0-399-34214-1
455,Business-focused bifurcated access,Jared Hancock,fiction,Graphic novel,978-1-62410-224-0
456,Centralized client-driven productivity,Roberto Reynolds,fiction,Fairytale,978-0-575-88138-9
457,Adaptive multi-tasking initiative,Cameron Melton,nonfiction,Textbook,978-0-229-96105-4
458,Organic responsive service-desk,Loretta Hays,fiction,Crime,978-0-7933-8903-2
459,Cloned fresh-thinking encryption,Cassie Chavez,fiction,Picture book,978-1-295-60113-4
460,Multi-layered multimedia alliance,Hunter Nielsen,nonfiction,Biography,978-0-14-944431-6
461,Adaptive directional implementation,Jenna Acevedo,nonfiction,Prayer,978-0-656-57194-9
462,Compatible client-driven knowledge user,Sheila Craig,nonfiction,Travel,978-1-59557-614-9
463,Universal demand-driven parallelism,Betty Steele,fiction,Alternate history,978-0-375-74313-9
464,Customer-focused dynamic implementation,Jean Silva,fiction,Paranormal romance,978-1-199-35347-4
465,Up-sized empowering capacity,Herbert Griffith,nonfiction,Journal,978-0-903396-96-7
466,Configurable 24/7 monitoring,Savannah Dickson,nonfiction,True crime,978-0-353-24748-2
467,Self-enabling encompassing knowledgebase,Brendan Ponce,fiction,Thriller,978-0-89295-566-4
468,Self-enabling intangible collaboration,Selena Walsh,nonfiction,True crime,978-1-64788-849-7
469,Business-focused grid-enabled system engine,Judith Bullock,nonfiction,Guide,978-0-341-54804-1
470,Visionary leadingedge firmware,Chloe Fitzpatrick,nonfiction,Dictionary,978-0-7743-4302-2
471,Triple-buffered object-oriented alliance,Garrett Blankenship,fiction,Crime,978-1-928532-90-3
472,User-friendly interactive array,Max Garner,nonfiction,Sports and leisure,978-0-9808814-5-5
473,Reduced coherent model,Randall Leon,nonfiction,Math,978-1-4217-8718-3
474,Quality-focused exuding website,Latoya Weber,fiction,Drama,978-1-69184-727-3
475,Versatile local forecast,Charlene Robbins,nonfiction,Guide,978-1-76700-136-3
476,Diverse impactful time-frame,Bridget Hubbard,nonfiction,Prayer,978-1-75256-602-0
477,Focused systemic function,Eugene Glenn,fiction,Fantasy,978-0-928920-33-8
478,Pre-emptive needs-based data-warehouse,Brittney Brennan,nonfiction,Business/economics,978-0-9716578-9-2
479,Persistent background matrix,Kaylee Carroll,nonfiction,Sports and leisure,978-1-79831-765-5
480,Focused disintermediate productivity,Bianca Keller,nonfiction,Textbook,978-0-8474-2237-1
481,Fundamental exuding monitoring,Clifford Hanson,fiction,Comic book,978-0-670-55093-7
482,Synergistic homogeneous contingency,Glen Mcclure,nonfiction,Math,978-0-528-01632-5
483,Re-engineered local open architecture,Connie Montoya,nonfiction,Art/architecture,978-1-916153-32-5
484,Centralized fresh-thinking website,Makayla Freeman,fiction,Political thriller,978-1-996784-09-9
485,Digitized exuding strategy,Traci Jarvis,fiction,Thriller,978-0-940692-24-4
486,Proactive even-keeled hierarchy,Joan Wade,fiction,Romance,978-1-64410-557-3
487,Realigned dedicated approach,Ariel Stokes,fiction,Thriller,978-1-935814-81-8
488,Public-key object-oriented portal,Brent Oconnor,nonfiction,Humor,978-1-78746-940-2
489,Team-oriented stable initiative,Connor Banks,nonfiction,Biography,978-0-03-414764-3
490,Exclusive encompassing help-desk,Jim Mcguire,nonfiction,Journal,978-0-671-06941-4
491,Object-based local knowledgebase,Kerry Singh,fiction,Historical fiction,978-1-00-412562-3
492,Mandatory tangible project,Joanna Oconnell,nonfiction,Guide,978-0-437-98827-0
493,Seamless analyzing framework,Devin Bentley,fiction,Thriller,978-0-403-94838-3
494,Grass-roots multimedia product,Grant Mccarty,nonfiction,Journal,978-0-508-69132-0
495,Persistent executive software,Marc Velez,fiction,Chick lit,978-0-08-581392-4
496,Up-sized tertiary hardware,Audrey Hooper,nonfiction,Health/fitness,978-1-139-98019-7
497,Optional hybrid forecast,Kaitlyn Rhodes,fiction,Fairytale,978-0-388-91414-4
498,Phased bifurcated leverage,Tony Howe,fiction,Graphic novel,978-0-9999220-3-3
499,Customer-focused reciprocal adapter,Johnny Rich,nonfiction,Self help,978-1-396-76701-2
500,Streamlined systemic structure,Ralph Stone,nonfiction,Dictionary,978-0-8334-9067-4
